Price,Close,High,Low,Open,Volume
Ticker,INFY.NS,INFY.NS,INFY.NS,INFY.NS,INFY.NS
Date,,,,,
2022-05-31,1404.7608642578125,1418.2143033837006,1390.326515286447,1411.3941231047504,16033857
2022-06-01,1381.3575439453125,1415.1778909003274,1375.3314663437072,1413.5429271709493,8738508
2022-06-02,1408.87158203125,1414.337009324754,1378.6013740378207,1386.4492226355271,7205840
2022-06-03,1421.6710205078125,1452.7820909681764,1418.2142855882262,1424.660736968286,9395707
2022-06-06,1429.4722900390625,1435.5916577089301,1394.8577242051128,1416.3458204252854,6624883
2022-06-07,1407.6571044921875,1419.9427127025706,1403.826640598364,1419.9427127025706,4904592
2022-06-08,1401.3975830078125,1420.2696915072402,1393.923462565104,1420.2696915072402,4697608
2022-06-09,1415.411376953125,1417.2331479585212,1384.1135016211583,1387.3834288946473,4361061
2022-06-10,1379.7225341796875,1395.7450869561649,1376.7328178895402,1388.4111298525793,6516436
2022-06-13,1330.8604736328125,1348.7049120706336,1318.9018361839383,1348.7049120706336,6987685
2022-06-14,1345.85546875,1353.656558559691,1310.9139355280222,1317.313627861265,6090247
2022-06-15,1328.7117919921875,1351.3210760506447,1325.582026687208,1345.5285639490085,4651958
2022-06-16,1305.35498046875,1348.8450607739285,1300.496848205928,1343.4730371552619,6641772
2022-06-17,1296.10595703125,1305.1215235794307,1277.280493354915,1299.6094509891525,9692047
2022-06-20,1321.19091796875,1328.8518456136492,1291.1542743771815,1298.6751535040837,4595194
2022-06-21,1354.5909423828125,1360.2899364778064,1329.225623024587,1330.393454357415,6270787
2022-06-22,1342.7723388671875,1363.6531383044141,1340.6702426678826,1341.651266512632,6253366
2022-06-23,1356.9732666015625,1362.1584834016473,1338.8018564571746,1345.1549046044834,6254281
2022-06-24,1346.3692626953125,1371.0338813946832,1334.9712753644767,1362.1583639342066,6114340
2022-06-27,1377.6669921875,1386.4491050149907,1368.838234542836,1371.5476255491692,4511097
2022-06-28,1382.8524169921875,1390.4199409808625,1357.4870984345328,1372.4353390229378,4412178
2022-06-29,1367.063232421875,1379.9093759009802,1361.224076295009,1368.4178710249007,5060038
2022-06-30,1365.802001953125,1384.5807053090439,1359.3555507588792,1368.744959459848,9165177
2022-07-01,1382.151611328125,1387.3834723202642,1347.5370487740513,1358.4212584199759,4651635
2022-07-04,1390.186279296875,1394.1569054306194,1365.8953900080855,1382.9457257588706,4800224
2022-07-05,1378.928466796875,1410.6934787702614,1375.238165436025,1400.2765146099289,7379669
2022-07-06,1393.5963134765625,1401.397402876707,1373.369454819173,1384.7674414108317,5209162
2022-07-07,1400.1829833984375,1414.4305253965072,1397.3801882512762,1404.2471275986425,3323472
2022-07-08,1414.897705078125,1417.2333677786046,1401.3508614153432,1415.4115964906425,3652582
2022-07-11,1376.3125,1401.3040886127371,1370.0062112846365,1396.7261673286766,4702638
2022-07-12,1344.03369140625,1372.0616431832996,1341.6046250614445,1365.7087092081183,4710356
2022-07-13,1349.4990234375,1364.026889696165,1344.0335960379898,1354.6842397667392,5264025
2022-07-14,1334.924560546875,1357.4403248803944,1321.050747710044,1355.6185536967992,6157606
2022-07-15,1336.325927734375,1350.9471978788517,1317.9209527454436,1350.9471978788517,5620018
2022-07-18,1391.9613037109375,1395.4180382384072,1352.8623402756011,1354.6841112205632,5835171
2022-07-19,1386.5894775390625,1389.111947520673,1373.4630081501748,1374.8177608815047,3418540
2022-07-20,1415.6917724609375,1425.5015547692901,1401.397472621788,1402.565303848973,5079392
2022-07-21,1432.134765625,1434.5170728214896,1404.293624477916,1417.2799301008313,5008061
2022-07-22,1407.2833251953125,1438.7680080650846,1394.0634534808364,1433.1624184232726,7020642
2022-07-25,1404.7608642578125,1417.420200924212,1382.805636241003,1382.805636241003,7859626
2022-07-26,1355.7586669921875,1398.2677241608646,1350.0129144777668,1398.2677241608646,7268273
2022-07-27,1374.3505859375,1376.17235708509,1350.0129368553667,1355.618526904593,4517285
2022-07-28,1417.6536865234375,1424.2401861261328,1391.9146410135538,1398.0341221778472,6636841
2022-07-29,1447.8304443359375,1453.4360344112592,1427.5569391819329,1432.041456860599,7009465
2022-08-01,1449.0919189453125,1461.1906062881733,1436.8063101561256,1461.1906062881733,2983249
2022-08-02,1442.1314697265625,1445.3079936206477,1427.8839280958484,1444.887619977823,4374635
2022-08-03,1463.15234375,1466.7959999348375,1438.674647203889,1447.176435604499,6011955
2022-08-04,1494.730712890625,1498.4210143100418,1471.4207308949524,1483.1458031778568,7402209
2022-08-05,1510.3795166015625,1518.8345463206253,1496.9728368246035,1502.6718304457545,5361971
2022-08-08,1512.9488525390625,1515.3779188723158,1491.0870274477288,1510.7065935983567,3763409
2022-08-10,1497.113037109375,1514.6305074211764,1483.7063559732826,1514.6305074211764,4423829
2022-08-11,1513.4625244140625,1524.1131681056208,1509.7722233232334,1522.8519331787563,3462090
2022-08-12,1489.311767578125,1507.9036633116793,1485.6214665607938,1507.249723450335,3562286
2022-08-16,1491.50732421875,1503.232395670386,1486.5090292424748,1503.232395670386,3004430
2022-08-17,1500.6632080078125,1506.0352319430935,1480.8100760730788,1491.5073650736197,4067324
2022-08-18,1478.894775390625,1493.142317018843,1470.5331490370638,1489.311853226363,4635706
2022-08-19,1492.11474609375,1499.402059383218,1480.9035650613566,1481.0904865061818,4739884
2022-08-22,1472.0745849609375,1493.8896486406397,1470.5330249908486,1481.7442043427482,3950555
2022-08-23,1441.010498046875,1452.3150828299767,1432.2283833890988,1446.2423597431996,5551574
2022-08-24,1436.4326171875,1444.3738706808942,1430.3598939278454,1434.0969543953252,2888426
2022-08-25,1418.354248046875,1446.8959716562977,1414.2434597724393,1446.2420318597763,4331088
2022-08-26,1421.5308837890625,1443.392592436049,1417.7003062478245,1434.236864331127,3079136
2022-08-29,1365.661865234375,1372.0149128596886,1354.684251472443,1372.0149128596886,8079050
2022-08-30,1394.810791015625,1397.7537483741407,1369.6323966010168,1376.2656548394727,6725875
2022-09-01,1367.950927734375,1371.5945844706928,1355.6654327810716,1364.0738187667123,8140604
2022-09-02,1357.487060546875,1380.8436858143712,1352.8157354933758,1380.8436858143712,5175653
2022-09-05,1365.2413330078125,1370.5665972765782,1351.2740044375462,1355.6183589968064,3669352
2022-09-06,1359.4488525390625,1373.36942255649,1350.4331733164795,1365.2413634291515,3428442
2022-09-07,1361.8314208984375,1369.3989447050344,1343.5198494274314,1345.3416205869005,3600574
2022-09-08,1378.8817138671875,1383.7398461697105,1367.3902089358094,1378.040852571669,4061475
2022-09-09,1412.28173828125,1420.0828283779374,1382.7122276311495,1390.1863477805073,4816910
2022-09-12,1435.2178955078125,1444.2803347393096,1421.1572752139393,1425.5016304188198,5494819
2022-09-13,1443.392822265625,1450.9137019475784,1439.9828458835789,1449.886033145618,4947158
2022-09-14,1378.41455078125,1400.4164222572201,1375.2380270942474,1398.5946511957122,14332197
2022-09-15,1338.6148681640625,1378.2276108719295,1335.111374595842,1378.0408035000303,12784100
2022-09-16,1286.5296630859375,1331.327624190283,1278.4014891632687,1331.327624190283,20464045
2022-09-19,1298.90869140625,1313.5766064717723,1289.846252364998,1300.4968963077574,6595241
2022-09-20,1297.273681640625,1320.6303061053943,1294.0503990368761,1315.3983309884716,7219797
2022-09-21,1286.716552734375,1297.5073597861367,1278.4483297699744,1289.1923779503666,7917054
2022-09-22,1278.02783203125,1292.976072860516,1270.600470487619,1276.5330307575286,9168498
2022-09-23,1275.6920166015625,1303.1127838251584,1272.4688481772282,1277.607305346813,10426200
2022-09-26,1289.5194091796875,1307.457253549501,1265.9292153149622,1270.6005408327296,9414587
2022-09-27,1301.945068359375,1314.0437547882518,1287.4172016339928,1301.8515506202607,8561254
2022-09-28,1303.019287109375,1313.4363641667424,1286.482843024417,1288.3513729344015,7022098
2022-09-29,1306.709716796875,1317.1734387919971,1301.4310969326327,1312.5488728312102,6119965
2022-09-30,1320.536865234375,1326.0024069140748,1285.548685368023,1297.6473719265869,8120130
2022-10-03,1302.1318359375,1319.1821720852017,1294.8912822309417,1319.1821720852017,4943169
2022-10-04,1335.4383544921875,1338.1009868147155,1321.0506513220512,1326.3759159671074,6631341
2022-10-06,1359.4957275390625,1363.8400825662466,1349.1720537467447,1350.0129150497514,6180672
2022-10-07,1355.8052978515625,1362.0181827983595,1345.4817382159547,1351.274135492747,3994466
2022-10-10,1366.502685546875,1368.6981854241883,1332.588821409084,1332.588821409084,5274677
2022-10-11,1330.2064208984375,1382.3850931723864,1326.74957231313,1366.502589745107,12824774
2022-10-12,1334.784423828125,1346.3693331923362,1320.6303996368538,1342.5388693180314,5481467
2022-10-13,1326.56298828125,1343.4264042727966,1321.9850666546536,1336.9333076910314,4821514
2022-10-14,1377.34033203125,1395.7920678681958,1370.800476291573,1387.3836819171825,14990688
2022-10-17,1392.0081787109375,1396.7262628761878,1378.5080942299767,1379.8160881214742,4286396
2022-10-18,1404.854248046875,1411.6276693603506,1398.8282843588122,1410.7401632204417,4692004
2022-10-19,1387.8038330078125,1406.021999646347,1383.926724677962,1405.134493556722,3553171
2022-10-20,1402.2384033203125,1405.1346020978785,1377.2934586453487,1378.0409162861508,4583939
2022-10-21,1401.8646240234375,1407.0030814923673,1393.3160765159234,1401.6778166429754,3594485
2022-10-24,1418.0740966796875,1421.7645118292949,1411.674404287456,1418.6813917342831,982837
2022-10-25,1425.9688720703125,1432.1349989397945,1421.0639802804465,1427.6504808277896,3914341
2022-10-27,1439.332763671875,1449.6748350568096,1428.518570035496,1445.8025102560136,6760137
2022-10-28,1429.22705078125,1443.110789661149,1423.3240809696638,1441.269109196886,3053981
2022-10-31,1452.2723388671875,1460.5364970067683,1445.2831992106653,1445.2831992106653,4542336
2022-11-01,1485.659423828125,1487.548374144499,1461.1974941726066,1466.8171905392458,4542692
2022-11-02,1467.0533447265625,1485.4233408795883,1459.2141546075115,1484.7149844938565,2938906
2022-11-03,1445.7552490234375,1458.1751195584152,1437.1605487331522,1453.3110497695995,3174027
2022-11-04,1429.9354248046875,1436.0272436084686,1417.7989417807726,1436.0272436084686,4509682
2022-11-07,1423.749267578125,1443.063856946647,1408.307119235288,1436.9247673987231,4898592
2022-11-09,1427.290771484375,1444.1024749288151,1417.7515957221951,1444.1024749288151,3334755
2022-11-10,1418.554443359375,1428.0464649876537,1402.5456352557312,1402.5456352557312,3435763
2022-11-11,1482.92041015625,1486.131648725158,1460.7725140027178,1460.7725140027178,7214098
2022-11-14,1497.2764892578125,1503.03776456757,1481.361990875597,1487.690043504655,4908813
2022-11-15,1505.4932861328125,1509.1294921531414,1485.423190567993,1490.2399904450758,3497614
2022-11-16,1513.804931640625,1519.6606318989184,1505.0212659607996,1508.4686235788981,4497697
2022-11-17,1499.260009765625,1513.8049514301815,1495.0570257981765,1508.5157978849704,3469515
2022-11-18,1504.9267578125,1509.2713205327793,1488.0206292236508,1503.3210808492718,3126064
2022-11-21,1481.1260986328125,1499.685061076786,1477.2066184265336,1494.2543281777228,3071764
2022-11-22,1497.040283203125,1499.8264385936404,1475.270086324475,1481.881411935404,3399329
2022-11-23,1495.245849609375,1503.6044315883096,1491.6096433577904,1500.6765816958277,3245067
2022-11-24,1539.3056640625,1545.1613639458326,1496.7570119273582,1500.7710313630366,5282215
2022-11-25,1544.8309326171875,1552.717277727215,1524.194171905385,1540.816912890703,4563255
2022-11-28,1533.260986328125,1561.6896653728998,1530.049747749681,1537.6055489731361,3825766
2022-11-29,1538.5972900390625,1547.7586528819622,1525.3746379320617,1531.1830678737356,3131710
2022-11-30,1544.169677734375,1554.3700559823376,1523.580187608322,1530.0025497746392,11868134
2022-12-01,1565.08984375,1579.7292094705547,1560.556431928097,1564.2397930045233,5407928
2022-12-02,1546.9559326171875,1569.5289126562202,1543.2251864512484,1564.050910451936,4283343
2022-12-05,1548.7032470703125,1553.520047649621,1533.1666757673513,1547.050415429896,3824966
2022-12-06,1523.343994140625,1535.7165955605278,1518.2910751411368,1534.7721204095067,4822398
2022-12-07,1516.35498046875,1533.6389232799295,1508.0435523349004,1518.7161685417316,4898087
2022-12-08,1530.1915283203125,1533.7333103434164,1509.7436170484489,1516.3549434915763,4206837
2022-12-09,1482.1650390625,1537.6056894891653,1474.420272925267,1537.6056894891653,8880658
2022-12-12,1461.2918701171875,1479.0007787452835,1445.0942139259216,1463.936446589266,8037679
2022-12-13,1484.8568115234375,1489.9097311347348,1455.578078296701,1461.292084476807,6135067
2022-12-14,1491.7042236328125,1500.2989252958914,1485.6595590119214,1494.1598362090651,4976020
2022-12-15,1454.9639892578125,1482.8260065788807,1450.0054946498258,1482.1649200814338,6443866
2022-12-16,1437.6800537109375,1463.4642718981172,1428.0937229956533,1440.3246302966304,9630453
2022-12-19,1423.65478515625,1432.6745701649377,1412.0378084292465,1424.221447263744,6222740
2022-12-20,1423.6075439453125,1431.824432234984,1400.1372425154682,1417.6573039476984,7396259
2022-12-21,1425.732666015625,1436.5468615586603,1418.9323750103279,1430.8800100337742,6236361
2022-12-22,1437.5384521484375,1444.9997136201623,1427.810311959594,1437.0189446975508,6302640
2022-12-23,1413.9737548828125,1426.0630831837523,1410.1014297417296,1424.9296438035758,6283822
2022-12-26,1418.9794921875,1426.063055831315,1413.2653713978718,1417.1849663392582,4115459
2022-12-27,1430.73828125,1436.9717947188592,1414.351659043433,1426.1103295575908,4860076
2022-12-28,1426.29931640625,1440.2774808775057,1415.2961567272368,1421.5296702949852,5029860
2022-12-29,1433.2884521484375,1436.8302343122002,1417.657340748743,1420.4907664797531,4624745
2022-12-30,1424.4573974609375,1445.424815295315,1420.5379177608472,1443.158051841277,5060544
2023-01-02,1439.380126953125,1441.7413148254234,1420.5378938491342,1429.9353754639312,3801140
2023-01-03,1438.0107421875,1447.5499185184115,1430.9743328684137,1435.4605900069873,4551130
2023-01-04,1411.801513671875,1436.5467167186507,1408.3068864084412,1436.5467167186507,7059590
2023-01-05,1393.289794921875,1422.2852532783609,1387.6702134939665,1422.2852532783609,9868404
2023-01-06,1368.0723876953125,1393.1009816020614,1366.1834372117844,1388.3786053932408,6443714
2023-01-09,1402.0262451171875,1406.6541969216976,1367.7890171490933,1367.7890171490933,11498717
2023-01-10,1388.1424560546875,1401.5068034902176,1373.314241202049,1399.7122775118537,7158624
2023-01-11,1389.5592041015625,1411.0460159236936,1382.7117585758283,1388.3786100454015,6173092
2023-01-12,1398.389892578125,1402.545606321999,1374.2113516488273,1399.6649109799423,6591385
2023-01-13,1420.1600341796875,1435.0355172875645,1386.4894731659233,1401.1288374943101,11610426
2023-01-16,1440.796875,1443.1580629301868,1418.885097124818,1426.1575098328417,6073063
2023-01-17,1454.01953125,1456.5695681043862,1439.3801660441702,1442.2135915678791,5922644
2023-01-18,1459.5919189453125,1465.6837375420089,1454.1139169618264,1458.9779870397253,5843098
2023-01-19,1453.4530029296875,1463.5116875227866,1441.4109433459862,1454.3974781911543,6165284
2023-01-20,1440.84423828125,1459.2142354520247,1439.3802555526768,1452.6029088189086,6496429
2023-01-23,1462.047607421875,1467.0533720913706,1443.2525279113988,1449.7694298401668,4855020
2023-01-24,1465.7310791015625,1481.692732965586,1463.700434372558,1473.3813051274014,5200802
2023-01-25,1457.3253173828125,1469.603495688695,1453.3112975520432,1461.103218400007,4158617
2023-01-27,1434.799560546875,1464.8338035145046,1423.7019766575365,1460.1586972695673,6209955
2023-01-30,1453.3583984375,1458.269623071828,1435.60221960439,1443.9136469927344,6964719
2023-01-31,1448.5888671875,1462.897689814284,1428.9910063926243,1462.897689814284,9448126
2023-02-01,1464.9754638671875,1468.7062100933274,1443.2053796201194,1456.5696115045794,6194199
2023-02-02,1495.8125,1498.8347743250388,1465.825414364641,1465.825414364641,6916834
2023-02-03,1510.5936279296875,1515.5521226311844,1485.6594600865421,1508.7991020268603,7040194
2023-02-06,1482.684326171875,1509.2713253305099,1474.8924060004254,1509.2713253305099,4570612
2023-02-07,1475.648193359375,1488.5403039272026,1468.7534777319238,1481.8817071186038,4336238
2023-02-08,1502.1878662109375,1513.9938066872887,1478.5759852582348,1478.5759852582348,7983338
2023-02-09,1527.2164306640625,1529.8137375189335,1497.98496872347,1507.5712999720852,6904911
2023-02-10,1519.2354736328125,1526.555155683882,1507.8072326482136,1523.3910718537165,4786762
2023-02-13,1480.4176025390625,1508.3268907484492,1479.0481596193308,1508.3268907484492,4001199
2023-02-14,1504.7850341796875,1507.3823408446767,1490.5234824594945,1496.7097255224974,5043736
2023-02-15,1508.3740234375,1510.215703788586,1488.4927762168927,1496.0485771113947,3465747
2023-02-16,1512.8603515625,1524.8078700564581,1509.129605519481,1511.1602501641144,4290289
2023-02-17,1495.8597412109375,1506.4378164382567,1488.020551597789,1505.4933413182328,2857734
2023-02-20,1504.0294189453125,1513.9936779772104,1494.6319372420057,1496.9458552617011,2417716
2023-02-21,1491.7984619140625,1512.7186090190055,1488.4927989721828,1509.9323382211396,2723288
2023-02-22,1475.081298828125,1487.5483243821882,1468.942210505278,1476.2146228630859,3656244
2023-02-23,1464.59765625,1482.6843795085974,1462.189313649435,1482.6843795085974,4766854
2023-02-24,1464.550537109375,1481.8816345054386,1459.2142290063114,1473.3813574432659,2790986
2023-02-27,1425.4964599609375,1454.4918023717858,1418.6017449106637,1454.4918023717858,4920268
2023-02-28,1404.9541015625,1439.3801757917481,1399.0511316814643,1431.4465612131598,9679811
2023-03-01,1412.9820556640625,1417.515467084759,1399.2398964901226,1409.5346984022876,5125043
2023-03-02,1390.4090576171875,1405.945627075072,1385.8283763876411,1402.5455397341907,4644499
2023-03-03,1397.1622314453125,1407.0792212012427,1391.2119914748005,1404.1985256789949,4615015
2023-03-06,1423.749267578125,1435.9802920836578,1410.2433397481302,1411.565628247701,6561742
2023-03-08,1409.8179931640625,1412.9348072381556,1398.8621046156106,1407.787463850127,4137080
2023-03-09,1398.201171875,1415.1544563587315,1392.723169352252,1411.9904873552425,5104656
2023-03-10,1389.842529296875,1392.439836101771,1376.7143009336512,1378.9337945993584,3699580
2023-03-13,1355.416259765625,1396.2176552723176,1348.7105092835448,1382.9004634719615,8798403
2023-03-14,1341.1546630859375,1367.9305095334394,1332.6543870522942,1360.9886404977717,7402784
2023-03-15,1340.82421875,1362.7359969137106,1338.1796421164158,1358.1553153273069,7556182
2023-03-16,1326.1376953125,1339.0770756065745,1321.0375058276966,1339.0770756065745,7323117
2023-03-17,1341.81591796875,1362.7833373255735,1333.0323674735994,1350.5995837562878,9090018
2023-03-20,1325.712646484375,1340.8714043712364,1307.9564664876032,1340.8714043712364,8221829
2023-03-21,1313.4815673828125,1326.9876083750403,1312.8204808834917,1321.3207573784207,8536755
2023-03-22,1312.1121826171875,1329.1127363599333,1305.406431699359,1325.0987167262294,8356487
2023-03-23,1298.2283935546875,1307.106367935978,1293.9309854059134,1307.106367935978,7607718
2023-03-24,1303.98974609375,1321.2735735840522,1301.0146260682202,1310.9316159583955,7559127
2023-03-27,1311.8287353515625,1318.2512125956143,1297.8033021986503,1309.2786985209889,4170193
2023-03-28,1301.1090087890625,1320.3763258731558,1299.4561771937276,1314.8038991504077,6633366
2023-03-29,1306.728515625,1312.7259091986514,1288.7834894816347,1302.4311079842478,8813966
2023-03-31,1348.663330078125,1350.5522804982309,1316.504018351253,1326.043194914311,8711975
2023-04-03,1332.5126953125,1355.3217924388478,1327.129233264361,1355.3217924388478,5242764
2023-04-05,1344.5076904296875,1348.2383212787956,1322.265253793565,1322.265253793565,7506334
2023-04-06,1342.9493408203125,1349.0884297614841,1332.040605892507,1337.3769139536948,6948465
2023-04-10,1348.3328857421875,1354.3775505885087,1336.4325202808507,1344.88552791408,4993788
2023-04-11,1328.0738525390625,1353.763532384397,1311.8760794712748,1349.560663775903,6942255
2023-04-12,1348.993896484375,1352.0161708331361,1322.2652037487883,1334.5906505149685,5831169
2023-04-13,1312.0648193359375,1332.7016933940142,1306.2091195805815,1331.473829594161,11267238
2023-04-17,1188.4332275390625,1191.1249588849823,1119.4865357773094,1180.877425702158,53171705
2023-04-18,1189.4248046875,1199.43621861962,1183.5218347637995,1199.43621861962,12430884
2023-04-19,1163.7823486328125,1184.7024983295853,1161.1378871271065,1184.7024983295853,11307230
2023-04-20,1155.4710693359375,1169.1186908818133,1153.5821187943689,1162.3656696372277,8621249
2023-04-21,1159.20166015625,1164.7740871182325,1152.2597902162931,1159.9100165846617,8691352
2023-04-24,1158.2100830078125,1161.7045954299535,1150.3708920599054,1159.815644868279,8313774
2023-04-25,1156.8876953125,1166.8991093720679,1147.5373677758498,1157.8793250968768,6808576
2023-04-26,1159.390625,1164.537968932259,1152.7792983312847,1159.8155927403195,5680192
2023-04-27,1177.0521240234375,1178.5161065835055,1157.359840734158,1161.7044032488088,8020704
2023-04-28,1183.1912841796875,1189.0942540668343,1175.8243316435762,1185.9774398494685,10118277
2023-05-02,1206.5198974609375,1208.6922367167485,1184.8915058340867,1184.8915058340867,8886401
2023-05-03,1198.6806640625,1201.84463276809,1192.0220681137102,1195.7055442706499,5549783
2023-05-04,1202.8363037109375,1204.9613726753178,1192.3998077911442,1198.4916260387529,4505401
2023-05-05,1189.188720703125,1207.9838005488753,1184.6080389667136,1207.9838005488753,5373791
2023-05-08,1195.3277587890625,1199.7668612883554,1185.5051939075663,1192.3526389284218,5260842
2023-05-09,1200.14453125,1201.3723950663111,1190.6997797164597,1195.7055441461869,4969897
2023-05-10,1193.1082763671875,1205.528148097129,1189.235951170682,1205.528148097129,6515734
2023-05-11,1186.355224609375,1205.0558788815872,1183.474644548764,1199.7195711727468,6888461
2023-05-12,1176.060546875,1186.2609257933639,1170.2521162636658,1183.7580432975035,8292212
2023-05-15,1188.480224609375,1198.4444830781301,1176.4854368999781,1180.499456093834,5534710
2023-05-16,1194.0999755859375,1203.214068529111,1192.6359929897676,1194.7610620725052,5236469
2023-05-17,1177.6661376953125,1190.9359449419283,1173.4631539235777,1190.6054016838411,10465667
2023-05-18,1176.8160400390625,1189.7081489294264,1173.463107130668,1188.7164039023305,6948732
2023-05-19,1198.444580078125,1202.6002939324767,1183.2385527244203,1186.3080970622827,11094136
2023-05-22,1221.017578125,1223.6620394953802,1199.7196163623314,1202.2696532716948,7625947
2023-05-23,1227.864990234375,1241.182067065946,1225.0315647258542,1227.0620941063908,7436031
2023-05-24,1226.5426025390625,1232.539996320924,1219.6007336642347,1224.3231091290659,4824077
2023-05-25,1231.9261474609375,1234.4290296844197,1217.6645956546581,1222.6230902268412,4334121
2023-05-26,1244.2989501953125,1249.965802051454,1233.4847540201342,1233.4847540201342,5521606
2023-05-29,1241.4180908203125,1258.7019159236804,1237.1206830110968,1258.7019159236804,4419365
2023-05-30,1250.3433837890625,1252.751841499064,1236.4596454284215,1241.984801906947,6274719
2023-05-31,1245.101806640625,1257.1910210385058,1241.1822111736103,1246.5656741478958,17800782
2023-06-01,1246.235107421875,1255.6798600359098,1244.9128189974322,1249.1158030861118,4277841
2023-06-02,1243.363525390625,1256.6682084995432,1240.539921319191,1252.9352230456723,10909311
2023-06-05,1248.6280517578125,1253.3659957118443,1241.7364756715806,1248.1494668395458,5002553
2023-06-06,1224.22021484375,1233.4090218604124,1218.4771958530835,1233.4090218604124,10008100
2023-06-07,1233.743896484375,1238.5776504350094,1227.57019836391,1235.227556326414,5397578
2023-06-08,1227.8572998046875,1236.6632140346978,1226.2300412599677,1231.1115832101257,5034942
2023-06-09,1211.7291259765625,1227.570333745329,1209.8626915041682,1227.570333745329,5339073
2023-06-12,1236.615478515625,1240.2048652718436,1218.477157511007,1218.9557424118361,4785588
2023-06-13,1248.9630126953125,1250.5423662622104,1241.497158225824,1244.2250688366375,4846587
2023-06-14,1244.7037353515625,1250.7338354904978,1237.8120421101742,1250.3988494008945,3457981
2023-06-15,1231.68603515625,1238.5297051402135,1227.713757473316,1238.5297051402135,6161155
2023-06-16,1236.328369140625,1245.756468100915,1226.1823928456627,1231.8775062972554,8536287
2023-06-19,1238.57763671875,1243.842070259672,1231.9253537992975,1238.57763671875,4451787
2023-06-20,1247.5751953125,1249.1066436911499,1235.8019595202115,1238.5777754301519,4009180
2023-06-21,1243.6986083984375,1247.958084292208,1239.5349429622966,1244.2728869341083,4041529
2023-06-22,1226.660888671875,1234.1746475274917,1218.9556257690415,1234.1746475274917,6676607
2023-06-23,1210.81982421875,1224.555187789112,1209.2404706448435,1221.7793719383096,7239467
2023-06-26,1215.9405517578125,1219.4342446654837,1208.187500258247,1215.8448581525356,3403244
2023-06-27,1224.36376953125,1227.0916800850327,1219.625708929612,1225.1773404905161,3240024
2023-06-28,1237.9554443359375,1241.1619395563243,1226.5173128231818,1234.7489491155507,5662358
2023-06-30,1278.3001708984375,1281.5545713398865,1248.5800041268935,1252.1693906045193,12821692
2023-07-03,1276.5772705078125,1288.3505053694648,1271.5521292350118,1273.035789109501,7732412
2023-07-04,1287.5369873046875,1288.350558271002,1274.3759024783678,1286.723416338373,5797775
2023-07-05,1289.594970703125,1299.7887360139223,1283.56475398117,1299.6930423984352,5414936
2023-07-06,1286.3404541015625,1289.7383366186514,1279.8795582704377,1285.0482983037398,5963897
2023-07-07,1273.2271728515625,1288.159114637891,1268.5849228663312,1276.8644646901835,6295647
2023-07-10,1272.2222900390625,1284.426205248069,1262.7941906773713,1279.3053700777916,3940315
2023-07-11,1290.8392333984375,1293.0407707852269,1270.1643880539814,1276.338086835596,6126128
2023-07-12,1276.1944580078125,1293.9977917605693,1270.1642419235197,1293.1363156282405,8102770
2023-07-13,1306.632568359375,1317.831525962367,1273.8495002569089,1277.7260849737188,9977644
2023-07-14,1364.8760986328125,1368.7526826877163,1321.5163809577684,1321.5163809577684,12833381
2023-07-17,1362.004638671875,1396.462749409928,1353.7252138709227,1364.8761479000461,11569884
2023-07-18,1412.016845703125,1414.6490626596121,1367.795647570948,1372.5814965827428,16743977
2023-07-19,1411.7774658203125,1434.6060576663988,1398.1377969814102,1422.35423821816,13687062
2023-07-20,1387.41748046875,1407.996629023478,1378.994340370013,1407.996629023478,8347221
2023-07-21,1274.5672607421875,1292.179208132545,1249.1065678614602,1263.6555018384431,45548305
2023-07-24,1279.3531494140625,1292.0835546710005,1277.1038237206385,1283.5647199620582,8859789
2023-07-25,1277.438720703125,1285.335371114177,1267.532037192207,1279.735951463833,6801982
2023-07-26,1291.078369140625,1292.179137700401,1282.0331619135254,1285.4789495789914,5528885
2023-07-27,1295.1943359375,1305.388217657794,1289.3556235362757,1300.4108646014263,9191861
2023-07-28,1283.086181640625,1305.4360742299293,1278.7789173232934,1295.8643757469704,6122735
2023-07-31,1297.635009765625,1299.3579620875187,1276.1465951772996,1290.98272660445,7902180
2023-08-01,1306.7281494140625,1310.3654413496479,1298.879403879819,1303.6652528255809,6064652
2023-08-02,1298.7357177734375,1313.1889572500386,1290.6954687164252,1310.6525509528328,7419145
2023-08-03,1305.86669921875,1308.0203310944992,1291.2219557268538,1292.179125449409,6503741
2023-08-04,1319.31494140625,1326.5416199739032,1303.6652388893076,1310.2697337322597,5712345
2023-08-07,1333.3375244140625,1335.2518640040323,1318.0228076943029,1328.4559818280422,3729093
2023-08-08,1330.657470703125,1333.8640831548923,1325.1059557118401,1333.1939941587225,4161877
2023-08-09,1334.677490234375,1336.2089384286423,1323.2871471186234,1324.7229017086254,4090828
2023-08-10,1329.6044921875,1336.0175996940638,1326.2543980226121,1331.9974165909912,3873025
2023-08-11,1313.09326171875,1337.0225048044947,1308.4989171514915,1332.3802550142616,5783517
2023-08-14,1333.864013671875,1335.2518631368955,1307.1110478142093,1313.0933590289803,4304135
2023-08-16,1357.7452392578125,1359.1330886062578,1345.2063393732865,1350.3750791970929,7735313
2023-08-17,1351.0931396484375,1359.1811780911146,1345.7808002789486,1359.1811780911146,5618346
2023-08-18,1329.3175048828125,1348.3650910010062,1326.780981468263,1343.5792418573355,5134103
2023-08-21,1345.20654296875,1346.737991374474,1327.7381930450938,1330.2268113096484,3032722
2023-08-22,1343.6270751953125,1345.8286124204167,1336.8311931433152,1344.5363397471522,2890714
2023-08-23,1347.647216796875,1355.9267592032893,1345.4457962908243,1355.352480673103,2559125
2023-08-24,1362.6268310546875,1364.0147972956859,1353.8687044845635,1360.6167979505633,5171963
2023-08-25,1359.2767333984375,1361.5739641580376,1350.9494033421483,1352.4808515678785,4307172
2023-08-28,1355.0174560546875,1363.7755831274526,1350.9494843887273,1359.2768149445922,3133464
2023-08-29,1356.9317626953125,1363.3926587136925,1354.6824370795384,1363.0097674330896,3074444
2023-08-30,1373.6822509765625,1375.11800566521,1363.0097844225475,1365.881293799842,3070887
2023-08-31,1373.9693603515625,1383.0146851831555,1367.4606757330275,1373.6822795130788,9792735
2023-09-01,1382.0096435546875,1384.067582069322,1367.0299122613976,1369.6621293089015,3582133
2023-09-04,1402.349365234375,1407.0395203372343,1373.2513817175025,1381.1959373106322,4609014
2023-09-05,1415.55859375,1416.659362507505,1394.1179645417485,1402.253908722047,5496840
2023-09-06,1414.1702880859375,1419.3869329143329,1400.6264306727119,1418.429763240352,5075786
2023-09-07,1403.4022216796875,1410.293913891426,1399.430060744668,1407.6137918909706,4411743
2023-09-08,1406.65673828125,1411.58618620225,1397.6593186420878,1400.8180257718209,3125838
2023-09-11,1413.2132568359375,1414.7448219379241,1401.7751248483062,1406.6566672953534,4182226
2023-09-12,1436.8074951171875,1439.5833107736507,1413.8354210090974,1419.00416105182,6793161
2023-09-13,1434.17529296875,1440.5404952697397,1424.8907929918562,1440.5404952697397,4804686
2023-09-14,1442.4068603515625,1447.7671042480051,1434.9410066535286,1440.5404261375556,6444213
2023-09-15,1446.8577880859375,1453.3665892008116,1444.3691700744898,1452.9836979278168,8657816
2023-09-18,1427.9058837890625,1440.4447841808055,1424.2685919920634,1440.4447841808055,3991916
2023-09-20,1426.4222412109375,1431.0644911992692,1412.9739592860678,1412.9739592860678,4169337
2023-09-21,1437.4295654296875,1440.1096872676721,1412.7824461955843,1422.8806330457749,6779195
2023-09-22,1432.069580078125,1442.40694352735,1421.5885009524502,1428.001608540501,5455613
2023-09-25,1411.011962890625,1426.0394828536082,1408.5233446399557,1426.0394828536082,4217863
2023-09-26,1398.0899658203125,1416.51548281083,1396.5106124241527,1415.797605525485,3996528
2023-09-27,1404.1680908203125,1406.6567089216658,1387.9441095138986,1393.6392230636502,3863586
2023-09-28,1377.798095703125,1409.5282996418057,1373.5387366016919,1405.02964807755,5814602
2023-09-29,1373.9693603515625,1384.8333311949586,1355.3524542388323,1370.7628648487091,6068968
2023-10-03,1372.5814208984375,1375.4529301471791,1359.4682420659888,1374.5436656218817,4181867
2023-10-04,1382.4881591796875,1387.8482866211777,1357.458145868658,1363.9669471603343,4510406
2023-10-05,1400.77001953125,1412.4475605500304,1388.087520383311,1389.8104726647405,7384621
2023-10-06,1415.3668212890625,1420.9184524138752,1400.6265010427803,1406.5609065828155,3598672
2023-10-09,1412.2562255859375,1427.1402636708908,1399.5737249195126,1402.158153651093,3567552
2023-10-10,1431.1124267578125,1432.883167490851,1406.1781071331397,1420.3442666814785,5688951
2023-10-11,1430.3946533203125,1453.2231309719514,1417.9992336046346,1432.8832715725416,7220129
2023-10-12,1402.732421875,1439.9663525862484,1389.8106288382803,1428.0017294041006,11081662
2023-10-13,1369.8536376953125,1376.4102277204304,1340.0377738585555,1344.8236230509074,17973439
2023-10-16,1372.72509765625,1381.7703055664606,1368.7528196015903,1370.762852821413,4850745
2023-10-17,1380.6695556640625,1391.102730036778,1376.4581019432765,1378.5638288036694,3923764
2023-10-18,1378.8509521484375,1391.724838754999,1376.745108559557,1380.2388015713263,4264837
2023-10-19,1372.2464599609375,1377.989478563494,1365.0197814825822,1365.0197814825822,6795691
2023-10-20,1366.1204833984375,1376.888642752603,1364.206143957697,1368.7527001294557,3928622
2023-10-23,1348.317138671875,1371.0020141177954,1345.0627382814798,1364.541118559425,2636516
2023-10-25,1328.34423828125,1359.854903005555,1319.8605977785526,1356.4129215170024,6940777
2023-10-26,1318.06689453125,1332.1740248876365,1311.9102187421258,1313.8009297463984,6357656
2023-10-27,1338.3306884765625,1342.839161317201,1322.139101165603,1322.139101165603,4634358
2023-10-30,1335.131103515625,1338.3305768081377,1321.6056861222517,1338.3305768081377,2667696
2023-10-31,1326.7445068359375,1339.1063835973775,1321.508864771984,1337.9428418307405,3451595
2023-11-01,1312.92822265625,1335.5188742639937,1310.5043253793874,1331.2529097402028,3090672
2023-11-02,1328.4412841796875,1334.4040956855645,1320.2000327004152,1328.2958266591793,3758060
2023-11-03,1346.765869140625,1349.626020621318,1335.809805970561,1338.0398388348838,3349045
2023-11-06,1360.5821533203125,1364.4118639195729,1348.4626661652264,1351.4682753088146,2736381
2023-11-07,1361.5517578125,1363.1030285493403,1352.389354204315,1357.3826067500195,2272209
2023-11-08,1348.6566162109375,1362.2304426861015,1344.2450752647594,1362.2304426861015,3550635
2023-11-09,1332.94970703125,1354.9586481059657,1328.3443019661313,1353.4073774391145,5498051
2023-11-10,1327.1807861328125,1331.349937088656,1319.56977181051,1328.2472773399636,2943649
2023-11-13,1331.73779296875,1340.3667732632905,1329.1199126931294,1337.8459435697944,3462092
2023-11-15,1367.5628662109375,1370.956322454637,1350.5955849924396,1356.4129385530675,8551860
2023-11-16,1400.9156494140625,1409.156899894246,1367.6597324875797,1372.9923063276985,6673907
2023-11-17,1393.78955078125,1406.8300716432257,1391.3656533456137,1397.1830071911406,4901251
2023-11-20,1392.868408203125,1407.7996401789267,1390.0082565513956,1398.1040503705317,3584210
2023-11-21,1395.1954345703125,1405.8605838269307,1393.0139267678223,1398.1041116402992,3793135
2023-11-22,1413.423095703125,1414.537993820851,1392.4805275358865,1392.4805275358865,3108786
2023-11-23,1405.13330078125,1423.2155987730268,1403.630437075033,1423.2155987730268,3186928
2023-11-24,1393.6441650390625,1408.4299401579333,1390.202183161445,1401.5460947570714,2973195
2023-11-28,1398.7825927734375,1401.0126256092306,1383.6090905082851,1400.0430666987743,3755373
2023-11-29,1415.168212890625,1416.2347040595835,1405.6666062392922,1406.9269618555657,3875778
2023-11-30,1410.8536376953125,1416.1862115723247,1405.4241316004986,1409.0114521396551,10120867
2023-12-01,1408.0904541015625,1415.4590781559366,1402.1276431267088,1415.4590781559366,3489187
2023-12-04,1419.7735595703125,1427.093776648438,1405.1817690554378,1415.9922561680646,5511948
2023-12-05,1409.6903076171875,1422.2461680976191,1398.104124523393,1421.1796768330046,5123039
2023-12-06,1429.4208984375,1432.0386604276096,1406.8786514131657,1412.4050904386731,5269178
2023-12-07,1421.2764892578125,1428.0148766222742,1417.3013212314984,1428.0148766222742,4424453
2023-12-08,1445.7578125,1449.1996756659325,1421.6157716331077,1425.63946483665,6323433
2023-12-11,1443.1883544921875,1452.3991636071864,1436.88622193982,1444.642692773503,3862018
2023-12-12,1431.1175537109375,1444.6428538939026,1422.9732347563672,1432.5233668645915,6103494
2023-12-13,1404.8909912109375,1431.1176095066232,1389.523504729504,1431.0690842148679,8549258
2023-12-14,1455.7442626953125,1465.0035981657704,1416.8649718152608,1418.8526150380396,12489858
2023-12-15,1530.351806640625,1540.192853244304,1474.6991015566362,1476.686744663134,18395389
2023-12-18,1516.7294921875,1544.507379270871,1512.8028495240046,1520.219880673172,6467243
2023-12-19,1510.86376953125,1526.0372725197506,1496.2718598915178,1522.3044942074177,4221721
2023-12-20,1489.63037109375,1535.2965732518398,1483.4251702401737,1517.4082582465708,6592367
2023-12-21,1489.24267578125,1499.5685031611551,1474.9416800340018,1474.9416800340018,5319038
2023-12-22,1515.32373046875,1518.329339590169,1476.6383040841808,1488.2244863772382,6741060
2023-12-26,1496.9505615234375,1500.8773227910922,1476.6383479398148,1488.273055868428,6878067
2023-12-27,1519.3958740234375,1522.2076187735747,1496.99908495949,1496.99908495949,4225849
2023-12-28,1515.081298828125,1521.1894491276955,1507.664149278167,1521.1894491276955,5702253
2023-12-29,1495.9326171875,1511.9787477580649,1493.1208723932878,1494.138956693486,4388990
2024-01-01,1504.125244140625,1509.603275845233,1488.5153688127127,1492.1512148528025,2808451
2024-01-02,1487.691162109375,1501.992155521763,1476.6381672587602,1498.9380213933312,5396313
2024-01-03,1444.6429443359375,1473.6811897343637,1442.703826289849,1473.6811897343637,7550363
2024-01-04,1466.65185546875,1473.4872937768591,1447.4546582354228,1459.1377732007647,7056038
2024-01-05,1485.897705078125,1492.8299573019494,1460.398255825531,1460.8830353295393,8895403
2024-01-08,1476.4444580078125,1489.2425891667172,1467.1851224326397,1482.4071510348494,4440136
2024-01-09,1482.74658203125,1505.72508230746,1479.4015325679147,1494.9630013977714,4412074
2024-01-10,1473.6326904296875,1488.709261280414,1459.1862382209458,1478.528892176547,4096845
2024-01-11,1448.7149658203125,1478.5774294419355,1441.3463413182292,1478.4804972157963,11296088
2024-01-12,1563.65625,1568.7464346612928,1508.052065989894,1514.4511316075027,26754401
2024-01-15,1601.808349609375,1614.2671586947822,1586.1984738735464,1594.875979307575,13228305
2024-01-16,1581.8839111328125,1598.3178875667775,1575.5332528334932,1594.7305668866857,6500917
2024-01-17,1590.2705078125,1597.348335335092,1570.9278545230245,1570.9278545230245,9209876
2024-01-18,1592.5975341796875,1598.8027352341255,1578.684386685849,1592.646059469743,6375464
2024-01-19,1608.692138671875,1614.8004073081509,1594.1003477031127,1601.3235144318846,4522736
2024-01-23,1592.1612548828125,1623.7203277218207,1587.846646538712,1599.8692012006807,9401255
2024-01-24,1624.399169921875,1628.8591176445516,1594.9245526936234,1609.371005443607,8999681
2024-01-25,1618.2908935546875,1629.3924150509426,1607.5288123898993,1622.0236720114983,8865304
2024-01-29,1606.17138671875,1628.228853570352,1597.445355876358,1614.4611633607697,4253785
2024-01-30,1601.1781005859375,1638.5546459158832,1598.0755592490264,1611.8432491688218,4995943
2024-01-31,1610.3404541015625,1616.4971296499295,1588.2344631064855,1598.0755099388193,6763779
2024-02-01,1606.6077880859375,1625.9504427917118,1600.1116717741477,1609.031685585627,5760011
2024-02-02,1641.802734375,1666.1871672730595,1614.3157599706976,1615.3338442781937,7858483
2024-02-05,1635.8399658203125,1648.9775381610823,1630.652848624416,1643.1601839179739,3634135
2024-02-06,1676.8037109375,1680.2456926178463,1622.9931881791097,1635.4035903191877,7694265
2024-02-07,1642.1904296875,1676.3673818035056,1635.5004494322184,1676.3673818035056,4613877
2024-02-08,1640.5908203125,1654.4070365684913,1631.5739922948987,1646.311242292873,5919715
2024-02-09,1618.5333251953125,1641.3664874415445,1609.274107573634,1633.4160324706722,4600004
2024-02-12,1628.9560546875,1641.4148641854285,1619.5028544232334,1619.5028544232334,3555808
2024-02-13,1633.2705078125,1637.6819298366847,1612.8612454323725,1631.7676441615167,2696481
2024-02-14,1615.4791259765625,1618.6301926632057,1585.71371261679,1609.6617720935294,3768579
2024-02-15,1625.3201904296875,1636.3731865948175,1611.0191953165051,1625.9504274445321,4834391
2024-02-16,1649.8499755859375,1656.976210044866,1636.5669472429436,1637.585031460374,4880654
2024-02-19,1648.0078125,1659.4001300742755,1636.3245799012316,1653.0979969480804,3690993
2024-02-20,1633.94921875,1642.675249290721,1617.9514960920117,1633.706829012758,3706389
2024-02-21,1605.1533203125,1623.041635077796,1595.2153413641443,1623.041635077796,4300508
2024-02-22,1630.16796875,1633.319035437702,1594.3428117500268,1614.3157030842801,5841277
2024-02-23,1625.804931640625,1646.7473816762422,1621.0056620913008,1645.3415685145437,5373072
2024-02-26,1609.61328125,1623.9626824008449,1594.9244397901787,1623.9626824008449,2782438
2024-02-27,1612.958251953125,1620.229944106996,1602.4870862641692,1610.4374223439893,5159088
2024-02-28,1620.37548828125,1636.421737167384,1611.45559277053,1619.163539524121,3188916
2024-02-29,1622.94482421875,1631.0406181502267,1602.971932607178,1614.315725498664,7814722
2024-03-01,1604.3292236328125,1621.0541163168707,1600.7419026887044,1618.1939646198955,6387291
2024-03-04,1587.3619384765625,1613.7824210770686,1583.9200750586594,1607.3833553841503,4445156
2024-03-05,1557.596435546875,1587.5073051449854,1553.2334203212533,1584.2593063701174,4596579
2024-03-06,1568.3101806640625,1570.8310103495846,1528.024957569144,1554.0091856614324,6420684
2024-03-07,1567.2435302734375,1578.8782377691116,1555.3664330382703,1567.3889877880065,6348359
2024-03-11,1551.8759765625,1564.6742252604092,1539.6595578974102,1559.1961937166654,6752895
2024-03-12,1563.85009765625,1575.5333306188936,1549.0159163867352,1551.29435630168,4614222
2024-03-13,1562.3472900390625,1575.0484884045704,1549.8884814070734,1563.8016284401747,5688997
2024-03-14,1602.971923828125,1607.2864139873539,1559.050854285426,1565.2560554857941,8803799
2024-03-15,1584.2593994140625,1595.7002429082497,1569.085777456267,1591.1432446145716,11809997
2024-03-18,1553.8636474609375,1582.9504154475233,1550.1792761742252,1580.3810606045026,4958904
2024-03-19,1513.9178466796875,1550.3248343144353,1510.57291548586,1543.8772433213658,6870411
2024-03-20,1507.61572265625,1527.0069026941676,1505.0948929221947,1515.4207199632601,4759059
2024-03-21,1507.3731689453125,1528.945854390985,1496.4172244282147,1516.3901140238984,11062497
2024-03-22,1462.9189453125,1482.3586489011318,1452.5931191962738,1474.6991098013114,14673890
2024-03-26,1447.2122802734375,1461.5616826120477,1442.6068749748997,1446.582043245921,8351081
2024-03-27,1438.6800537109375,1453.3688957747308,1436.450139092949,1450.4602188652416,6857402
2024-03-28,1452.4478759765625,1465.779311939133,1441.8796594335422,1441.8796594335422,12499530
2024-04-01,1449.927001953125,1483.3767884392482,1447.3577652108781,1478.5775185895104,6580002
2024-04-02,1437.71044921875,1447.696953633539,1435.771331340489,1439.649567097011,7279400
2024-04-03,1435.5775146484375,1449.5875944431687,1430.0994827892528,1433.977718674783,8736248
2024-04-04,1441.4432373046875,1450.1208608817676,1423.312532360909,1445.1761339293155,11186915
2024-04-05,1434.0745849609375,1441.443209133755,1431.1175012468102,1434.9957369540155,5072482
2024-04-08,1431.7476806640625,1445.5638959576786,1429.2268510182057,1437.8559495040392,6610887
2024-04-09,1449.34521484375,1467.7184284926564,1442.025115571201,1444.642877470508,9423230
2024-04-10,1460.931396484375,1463.8884801139723,1439.3587109797138,1454.6776705726563,6744595
2024-04-12,1439.5526123046875,1460.9314339190828,1434.4624279540565,1458.216621590335,12275616
2024-04-15,1423.4581298828125,1446.5335640487074,1416.574284361776,1434.9473808491416,8531224
2024-04-16,1371.392578125,1410.853697500229,1370.0352903095295,1406.8300042788692,16173541
2024-04-18,1376.046630859375,1400.7218604282277,1364.654312442889,1377.8402913647133,22107945
2024-04-19,1368.2900390625,1383.415134689679,1336.7793738582263,1342.8391171667406,20603621
2024-04-22,1389.1356201171875,1393.1107882400538,1370.0353556695025,1376.6768109710965,5859087
2024-04-23,1398.4918212890625,1402.80631117652,1389.377943695831,1399.0735329749366,4856174
2024-04-24,1387.196533203125,1400.3341049376056,1383.6092122605103,1400.3341049376056,4268213
2024-04-25,1394.6619873046875,1400.9157133789813,1376.7736724932624,1376.7736724932624,9089398
2024-04-26,1386.711669921875,1401.4005114912384,1383.560603375994,1395.8739545366145,8062444
2024-04-29,1391.07470703125,1395.971027082881,1384.7725738403087,1386.4207767177322,5055957
2024-04-30,1377.3070068359375,1392.8199499579023,1374.398330000569,1391.0261712259344,6936588
2024-05-02,1371.392578125,1380.6519132275048,1368.8717485835186,1369.9867650213935,10076354
2024-05-03,1373.1864013671875,1381.4276525210505,1360.4850843171535,1378.8097723183807,8842345
2024-05-06,1382.4942626953125,1401.691460728682,1373.9620957775646,1376.7738406723481,6445422
2024-05-07,1397.0859375,1399.4129026772546,1372.5076415097203,1381.5729941241245,6080661
2024-05-08,1383.8515625,1395.9225243110036,1382.2032412416231,1391.559508954588,6234983
2024-05-09,1395.7286376953125,1405.8119561198598,1381.4760500780624,1384.0939302629602,6088406
2024-05-10,1381.5245361328125,1392.2380912432252,1369.986761252524,1391.3655828940691,8777481
2024-05-13,1380.11865234375,1381.6215160713982,1368.2415551003292,1381.6215160713982,3735954
2024-05-14,1381.33056640625,1390.1051221037324,1374.8830941764077,1382.9788876072378,3463230
2024-05-15,1376.7252197265625,1388.2145882681214,1375.3679318445465,1382.5910988692624,4327544
2024-05-16,1409.1085205078125,1411.4354857316696,1383.5606650448858,1390.2990526169874,9249145
2024-05-17,1400.3341064453125,1412.6474583631473,1395.4377861696362,1412.6474583631473,7542860
2024-05-21,1390.4930419921875,1400.7218182711956,1384.9180778285033,1386.4693485336113,6752663
2024-05-22,1410.514404296875,1415.5075381934769,1384.5301771596955,1385.2573463703886,7173285
2024-05-23,1427.5784912109375,1433.153454664045,1405.8603490444832,1410.4172283513687,8641428
2024-05-24,1420.5008544921875,1430.5842916726483,1415.5561273073984,1423.5549889856766,5277938
2024-05-27,1426.560546875,1434.559408265562,1415.7984661294804,1427.0453263532158,5821844
2024-05-28,1422.3916015625,1431.0691074127185,1415.8470782054296,1430.5843279047874,6186922
2024-05-29,1406.7816162109375,1420.8887473286209,1405.8605824814058,1420.7918150972553,7401634
2024-05-30,1383.996826171875,1405.7149695434055,1378.2765232556358,1398.879650203805,9663150
2024-05-31,1371.7603759765625,1400.8647991922137,1365.0326910520962,1374.5879674980229,37113815
2024-06-03,1370.785400390625,1404.033674005501,1368.9328321553635,1404.033674005501,10589244
2024-06-04,1358.84130859375,1379.658033205682,1324.4229369059228,1373.807893135552,13736134
2024-06-05,1394.380859375,1402.0835675909418,1365.1789578532776,1365.1789578532776,9233424
2024-06-06,1435.478271484375,1437.4771171615735,1401.5962066624481,1408.8600837423232,12660930
2024-06-07,1495.2957763671875,1501.2433949605631,1440.353234743937,1444.0095722834799,24075302
2024-06-10,1462.2913818359375,1491.590883369604,1459.9026220529393,1487.2032779565272,6810606
2024-06-11,1458.39111328125,1468.823815070724,1456.6360237178806,1462.583761115188,4853054
2024-06-12,1448.104736328125,1471.0665854864542,1445.7159765567787,1469.3602945008029,9564320
2024-06-13,1456.6361083984375,1467.4101641892535,1452.1510247241338,1457.6599305401555,7307565
2024-06-14,1451.7122802734375,1466.142554347695,1448.9334875481077,1466.142554347695,4237727
2024-06-18,1460.7799072265625,1469.3601601498674,1458.0499133119856,1459.6099268376586,5420939
2024-06-19,1473.6015625,1477.7942106452415,1459.3174461695942,1467.410187837327,5493456
2024-06-20,1477.5504150390625,1479.5979402789894,1461.6574867540273,1478.42795986229,7927010
2024-06-21,1494.4183349609375,1518.8427190237114,1485.6431242588264,1506.4111705290543,17301941
2024-06-24,1489.0069580078125,1490.9082059639925,1477.5504334510292,1486.4719210591036,5564989
2024-06-25,1503.437255859375,1505.3386228666056,1482.3767746181575,1487.8856805292482,4551525
2024-06-26,1502.2183837890625,1510.16484766337,1496.6607984652117,1502.510938394066,4851004
2024-06-27,1534.052978515625,1538.976894088541,1493.784585190291,1500.0246394725445,14757754
2024-06-28,1527.6177978515625,1548.8245552176206,1525.180239533625,1533.2729807577389,8197544
2024-07-01,1551.0672607421875,1559.9399498116268,1520.5489809415928,1520.5489809415928,6801771
2024-07-02,1580.5616455078125,1592.993193191854,1546.8745412338676,1556.332220098655,10493173
2024-07-03,1586.7530517578125,1595.1382289123615,1565.887527893186,1584.4129718719971,7269965
2024-07-04,1609.42236328125,1618.538808064561,1587.3380599572922,1587.5330170243992,8008311
2024-07-05,1606.30224609375,1624.242700384009,1592.5544400147564,1610.202339677658,7065022
2024-07-08,1620.1475830078125,1624.388910801362,1599.0383035499601,1602.0608521487309,5880533
2024-07-09,1615.760009765625,1625.1202103618075,1609.7635922047962,1618.441324047008,5191182
2024-07-10,1607.082275390625,1632.1891272585506,1596.649572902613,1615.613729908852,9852770
2024-07-11,1611.4210205078125,1623.4138551544518,1601.0371171919653,1614.63864512659,8857679
2024-07-12,1668.9962158203125,1676.7964026037578,1625.0226866329206,1638.039224523514,17078316
2024-07-15,1664.4136962890625,1684.8403883424053,1660.1235696440942,1683.0852986626521,6942230
2024-07-16,1682.939208984375,1694.4932126197978,1657.5398014767109,1675.6752131474088,6886281
2024-07-18,1714.139892578125,1721.3062905823963,1676.0651821635772,1676.0651821635772,11248896
2024-07-19,1748.1680908203125,1797.943081102566,1741.8304389617622,1797.943081102566,29819116
2024-07-22,1765.6209716796875,1777.4675289324205,1748.1680302846828,1755.1882696669777,8462126
2024-07-23,1791.0203857421875,1793.9941354975697,1738.7103600771802,1764.7922342575052,7113056
2024-07-24,1788.1441650390625,1796.3343856241954,1774.1526026760598,1791.6055458109638,6002845
2024-07-25,1779.2713623046875,1785.1703012664898,1766.7423358793608,1774.5425227927356,5815599
2024-07-26,1831.971435546875,1835.9690075636295,1779.7588864220972,1779.7588864220972,11369047
2024-07-29,1824.3662109375,1855.469480366421,1817.4435687877083,1846.304236848296,4635931
2024-07-30,1830.26513671875,1832.9951307328352,1813.543462174526,1824.366197741286,2721265
2024-07-31,1821.58740234375,1838.0653210227051,1818.4673751831438,1830.1188567906963,5004209
2024-08-01,1806.3282470703125,1821.2461520384675,1799.0155718940416,1809.740828819239,7475014
2024-08-02,1775.7125244140625,1813.0559673160951,1770.788727779074,1796.9680816152534,7400938
2024-08-05,1708.1435546875,1752.6045988712729,1675.626547408413,1740.3680073317842,10736703
2024-08-06,1707.3634033203125,1752.0682011331073,1701.2695072438298,1716.2360922033897,7690163
2024-08-07,1746.9007568359375,1752.9946532897359,1718.0887667938127,1751.142084963498,5094329
2024-08-08,1699.6119384765625,1735.4927255440239,1683.9627664492825,1735.4927255440239,6227910
2024-08-09,1726.5225830078125,1736.2728164287234,1712.140988711969,1727.010094678858,4258524
2024-08-12,1752.507080078125,1758.4546990040476,1723.9388468966088,1728.7652841315069,4315329
2024-08-13,1752.5556640625,1764.7922546522138,1744.365563180685,1764.7922546522138,4176918
2024-08-14,1777.71142578125,1779.4177167425098,1752.5557742866815,1756.9921783945222,7450718
2024-08-16,1812.5196533203125,1815.3472449089315,1783.805262567244,1803.7932417323866,7335657
2024-08-19,1818.2236328125,1820.9049470871198,1803.0131729829857,1813.5434730155098,2585989
2024-08-20,1825.438720703125,1838.6015363062697,1821.538627191082,1833.043950660172,3870333
2024-08-21,1825.9261474609375,1832.0688420652468,1820.4660406023306,1828.2662272635982,1966902
2024-08-22,1833.2877197265625,1846.3530568904166,1823.001175405798,1836.9440574204725,4300287
2024-08-23,1815.5909423828125,1835.5789209053598,1810.6183471400204,1831.2887943938006,5015935
2024-08-26,1829.2901611328125,1841.575432070603,1817.4436031129605,1823.2937434663284,3728589
2024-08-27,1852.641845703125,1855.2256813879358,1827.0962815117323,1829.2900840518048,3830679
2024-08-28,1890.6678466796875,1902.2706489166237,1850.009418604078,1859.2721408822472,6514531
2024-08-29,1885.0614013671875,1901.7830759029405,1872.9224080657316,1884.7201669932756,7228284
2024-08-30,1895.15283203125,1901.295526726158,1879.8450130912988,1889.5952465616892,13466759
2024-09-02,1915.4334716796875,1926.4024849433151,1894.2755114819659,1894.8117029397854,5573739
2024-09-03,1892.76416015625,1917.8710125060368,1888.0840002650073,1917.8710125060368,4694322
2024-09-04,1874.43359375,1879.0649546678148,1852.5931659020603,1873.1173360302705,4778310
2024-09-05,1884.866455078125,1891.5453413709522,1861.9046070627135,1878.1387700081425,4081810
2024-09-06,1854.34814453125,1888.1327275977371,1849.473027754597,1873.994888945443,5848106
2024-09-09,1847.3280029296875,1872.8735669396758,1841.8190972305667,1842.7941205747861,4772612
2024-09-10,1864.5372314453125,1886.670214257235,1848.644302962128,1857.3220347286262,6909600
2024-09-11,1862.4407958984375,1877.894891528596,1857.4194020571003,1866.877080537755,5312946
2024-09-12,1901.7342529296875,1907.5357132980039,1863.074672166222,1876.9199561824864,8555092
2024-09-13,1895.54296875,1909.6808080545816,1887.3040686258946,1901.7343435377243,3843127
2024-09-16,1901.5394287109375,1903.2457196993976,1884.7690734614962,1897.1518233120405,1570181
2024-09-17,1903.7818603515625,1909.534402810906,1893.6415938633418,1899.1017007350288,2793127
2024-09-18,1844.8905029296875,1890.3265684033404,1834.3115231145357,1890.3265684033404,6385468
2024-09-19,1846.88916015625,1876.8224480606875,1831.873895960651,1862.8795667117413,7976570
2024-09-20,1858.15087890625,1867.1698455230062,1820.7587546291713,1857.4196113427292,15242974
2024-09-23,1849.0830078125,1870.9723537088278,1831.5325872912213,1861.3195986178432,3636672
2024-09-24,1851.1793212890625,1863.172156185441,1824.6587335944862,1840.8440975119734,7277616
2024-09-25,1847.9617919921875,1854.1043676482084,1829.9238601233028,1839.235261648182,4268341
2024-09-26,1852.7882080078125,1870.0460745062019,1845.7192883877328,1850.399448296488,8952803
2024-09-27,1859.1258544921875,1925.2811678990213,1855.7620713951017,1883.8426736989857,14908931
2024-09-30,1828.75390625,1853.7632808251788,1823.7813106027597,1833.044033110499,6986955
2024-10-01,1856.7857666015625,1861.2708503856265,1828.1688539454187,1828.1688539454187,4029072
2024-10-03,1846.1092529296875,1864.0983863063177,1834.0189394659815,1842.3066380228454,7503887
2024-10-04,1870.2410888671875,1905.2931311832979,1838.8940639202572,1842.355444469921,10001483
2024-10-07,1885.9876708984375,1893.4953029152355,1868.1934951630085,1875.164816740863,6112575
2024-10-08,1899.8818359375,1909.0469604018253,1858.7357782951613,1889.4978132388082,5637391
2024-10-09,1903.976806640625,1927.6211223804971,1896.5178543658283,1903.7818495832903,4857163
2024-10-10,1871.0699462890625,1914.9460002666592,1866.2923077183304,1908.9983811984232,4782119
2024-10-11,1886.7677001953125,1898.3705021069761,1862.3921159361064,1870.094824366297,4709431
2024-10-14,1909.9732666015625,1920.3084903207136,1882.8675698277727,1883.8913919551653,3751378
2024-10-15,1910.3634033203125,1941.71031054596,1903.001929010567,1911.0458720946388,5353705
2024-10-16,1872.1424560546875,1910.6072016149433,1868.4861182079758,1906.170797419034,3111512
2024-10-17,1918.9434814453125,1928.596236666682,1881.9413919550382,1886.8651885882837,8162822
2024-10-18,1832.6539306640625,1888.474019455993,1822.5624624334712,1846.4993341440768,10526196
2024-10-21,1806.474609375,1851.3744846784607,1792.0930141849954,1843.86673306473,4654601
2024-10-22,1805.3531494140625,1830.8988317246783,1800.8192671870856,1811.7882795000614,4125240
2024-10-23,1826.60888671875,1838.894157924995,1797.9431745565698,1799.1619538234872,4311910
2024-10-24,1816.809814453125,1836.944071310787,1813.543509892815,1814.9085664464787,2906475
2024-10-25,1815.5423583984375,1829.4851215197311,1800.2832184781212,1816.9072959329033,4689120
2024-10-28,1818.7598876953125,1834.896572683092,1810.6184660544925,1813.2509816437453,7018940
2024-10-29,1813.7799072265625,1825.9091734808057,1803.6227707551052,1820.3868971098545,4621252
2024-10-30,1777.0960693359375,1813.4841106394226,1771.4258498491638,1806.5812347424808,5919715
2024-10-31,1732.868408203125,1763.0931679230187,1722.2675629117984,1763.0931679230187,7395236
2024-11-01,1736.4183349609375,1741.4969032331146,1727.7405064233335,1740.017715602962,371966
2024-11-04,1739.1795654296875,1742.4830604559677,1694.1629303131592,1700.5727434953685,7336722
2024-11-05,1729.860595703125,1743.9128783247852,1720.7882929682014,1735.5801694120541,3160880
2024-11-06,1798.3963623046875,1801.8478002805573,1738.1934949801216,1739.5247398383508,10421494
2024-11-07,1778.032958984375,1800.3685968171349,1762.2056025400752,1787.7955014436675,4550965
2024-11-08,1804.5595703125,1815.0618266546207,1787.9927409344914,1792.775423572222,4210960
2024-11-11,1834.291259765625,1842.081672068644,1797.2623347827093,1803.6227934762044,3804234
2024-11-12,1842.87060546875,1854.9012833451236,1835.1787816614965,1845.1386209364089,5012450
2024-11-13,1842.4761962890625,1847.2095246339784,1830.544106425298,1835.2774347702136,4257495
2024-11-14,1838.6795654296875,1849.9706494411498,1830.2481478479606,1839.714924537372,4311431
2024-11-18,1786.3162841796875,1823.5425071201328,1770.0945742542924,1823.5425071201328,4839244
2024-11-19,1799.4317626953125,1833.8967865305349,1795.2900854570928,1800.1713565147516,4669769
2024-11-21,1808.602783203125,1841.095557014798,1795.339328415918,1816.442429577535,5436504
2024-11-22,1875.8564453125,1887.4927694808482,1808.553408176173,1828.374498334409,6301486
2024-11-25,1863.4805908203125,1892.6699906690035,1855.8874755481472,1889.4157296228746,12764638
2024-11-26,1897.45263671875,1911.702096274213,1870.9752018384395,1878.518962558038,6850495
2024-11-27,1897.7977294921875,1914.4632675339492,1885.224634635848,1903.3200059027895,4447143
2024-11-28,1830.88916015625,1888.3309462638708,1825.9585347392867,1888.3309462638708,8468790
2024-11-29,1832.072509765625,1850.9568296791742,1819.4008261897052,1825.4161652795651,5244346
2024-12-02,1853.718017578125,1856.6763928884145,1809.7367416638726,1833.2065672761437,2868263
2024-12-03,1865.8472900390625,1873.391171179535,1845.1880172073568,1860.8180760709474,4715792
2024-12-04,1863.036865234375,1887.3941073159906,1848.9845824080737,1857.8597084036323,4705573
2024-12-05,1908.004150390625,1922.845381488632,1862.7409836386182,1873.6377142854979,9050038
2024-12-06,1895.7269287109375,1911.061101890244,1885.8656776464575,1905.9826538933166,3573331
2024-12-09,1896.9595947265625,1903.4186419806354,1870.876513302606,1897.5018913119027,4274645
2024-12-10,1921.51416015625,1938.3275213087989,1905.193741189519,1912.096617063394,6174921
2024-12-11,1946.7589111328125,1950.5554687332371,1924.9162158580782,1927.8745911898272,5025612
2024-12-12,1959.4305419921875,1971.0668661345264,1943.2088325103296,1947.7942178498488,6462130
2024-12-13,1971.954345703125,1978.6106902340612,1926.6912991940405,1942.419946638723,5362693
2024-12-16,1952.5770263671875,1971.8556995891386,1950.1609476784474,1967.7632564033934,3119221
2024-12-17,1949.1749267578125,1954.5000265866995,1930.8330232375165,1940.6942746330094,5811050
2024-12-18,1951.6895751953125,1957.4090287235867,1934.3830310124576,1939.5109539146308,3064095
2024-12-19,1919.1966552734375,1932.5586987644317,1893.360225349003,1907.165976992173,5323592
2024-12-20,1895.4803466796875,1952.4783040802065,1884.7315592319012,1947.7449759219587,11056720
2024-12-23,1897.6005859375,1913.0827019209628,1882.5128236943906,1903.270805285977,2781793
2024-12-24,1882.5621337890625,1915.0549070531515,1814.4701488042217,1900.312385244756,2360544
2024-12-26,1880.93505859375,1893.1136796250162,1875.9058446088604,1882.5621891003143,3623321
2024-12-27,1890.1552734375,1897.4526232065393,1877.4835900581845,1882.907278073787,3937500
2024-12-30,1879.554443359375,1889.4156943738521,1860.325003881144,1889.1198086927782,7789055
2024-12-31,1853.9151611328125,1870.6792875898645,1819.4501375379239,1866.0445478376714,3613063
2025-01-01,1856.3804931640625,1866.6854522663125,1847.998429848315,1847.998429848315,1838368
2025-01-02,1930.68505859375,1935.4185073607873,1859.141752753138,1860.818117320804,7083645
2025-01-03,1911.85009765625,1925.8530263652963,1895.3325017126049,1925.8530263652963,6218003
2025-01-06,1910.9625244140625,1945.6248461798139,1901.2492161351652,1924.9162188256444,7164403
2025-01-07,1904.0596923828125,1931.375430841724,1896.9596395631565,1918.013387115037,4294832
2025-01-08,1906.3277587890625,1911.7020924267943,1862.5437803277457,1903.221440652574,5482050
2025-01-09,1890.69775390625,1924.7683048137867,1884.04140929985,1907.2153497813902,6833503
2025-01-10,1939.65869140625,1950.3582448997252,1905.440199043595,1910.1242932060775,8036913
2025-01-13,1934.974609375,1955.2888825925095,1921.9578062977632,1928.8606819489098,5804152
2025-01-14,1913.132080078125,1944.4415525214629,1904.30618806105,1941.5324112023416,5792162
2025-01-15,1922.598876953125,1930.8823520910328,1910.2229584649278,1919.9856212925836,2985439
2025-01-16,1901.69287109375,1939.6586868478057,1890.2538441886265,1938.6725617632849,7533579
2025-01-17,1790.2607421875,1832.2204128168014,1786.858658785815,1825.3175372033904,16409953
2025-01-20,1788.1407470703125,1802.5873839291105,1768.270301617817,1797.6567582772059,4333011
2025-01-21,1775.7154541015625,1806.236098768633,1768.1716932405016,1793.810946341272,7169109
2025-01-22,1830.69189453125,1839.9122605214925,1780.103749105465,1782.3225305814187,8373913
2025-01-23,1839.5670166015625,1853.4714767898427,1826.9939215973595,1832.220432769354,5907471
2025-01-24,1849.4283447265625,1868.60855091582,1838.3837913147927,1839.616447739169,4887027
2025-01-27,1796.719970703125,1837.151100669551,1786.8587194918016,1823.0988176934152,7652371
2025-01-28,1804.3624267578125,1837.6441493445463,1799.57974403178,1804.6089580362327,6999495
2025-01-29,1855.1478271484375,1862.4451768959955,1814.9632296965842,1819.4007926053778,5145155
2025-01-30,1834.143310546875,1861.0152192135097,1818.414663533007,1847.1602339434605,7336056
2025-01-31,1853.718017578125,1871.1230293523827,1845.0400685173022,1845.0400685173022,5820470
2025-02-01,1825.6627197265625,1864.3681307478303,1820.3869744015317,1854.2111142217134,1701402
2025-02-03,1837.447021484375,1850.5131795891741,1806.975730583523,1810.5257570121476,4823228
2025-02-04,1872.4544677734375,1884.6823232329095,1848.984641243281,1862.7903932312308,7334787
2025-02-05,1870.7286376953125,1893.0642745340085,1868.0167937158456,1879.5544090414844,4996744
2025-02-06,1889.070556640625,1897.3046770838346,1873.6376748748885,1890.4018014395585,4765255
2025-02-07,1877.237060546875,1897.008796469081,1863.2340119765795,1892.6699423538048,4126260
2025-02-10,1854.2110595703125,1878.568301204317,1852.534574687111,1878.568301204317,3828734
2025-02-11,1849.6256103515625,1876.5961083803954,1844.0539793333367,1856.972194364576,4411601
2025-02-12,1837.299072265625,1868.3126596599398,1821.3731272347864,1858.8458824242405,5633947
2025-02-13,1817.6751708984375,1847.5054564916438,1810.1806438825727,1842.5748307737585,5237744
2025-02-14,1830.6427001953125,1833.5024871238693,1802.9818423780237,1828.2759758276586,5292961
2025-02-17,1816.73828125,1827.0432401752385,1796.8678368321998,1813.0403122036325,4428956
2025-02-18,1826.25439453125,1835.8198805610482,1812.1035229276997,1816.7383832854173,4365260
2025-02-19,1785.6754150390625,1823.5425233371382,1780.8433778768451,1821.7675703475043,4611411
2025-02-20,1799.8262939453125,1805.5951018447554,1780.4982655923657,1780.4982655923657,2218020
2025-02-21,1789.8170166015625,1804.4609499348014,1781.1390677643708,1796.5227152827192,3379879
2025-02-24,1739.623291015625,1782.9142076324636,1725.9654822503978,1775.0745611201182,7594720
2025-02-25,1743.17333984375,1753.7741849650602,1720.9362904431496,1720.9362904431496,5092963
2025-02-27,1739.820556640625,1751.2102292840527,1726.8036331353665,1730.846721957405,5757079
2025-02-28,1664.2833251953125,1730.7481826909784,1659.106168289425,1730.6989486606933,12182167
2025-03-03,1684.893310546875,1704.615812415331,1668.8195437500424,1668.8195437500424,7504969
2025-03-04,1664.8751220703125,1675.4266129180364,1646.8289838570458,1671.4821123578997,6759673
2025-03-05,1687.753173828125,1708.9055098893523,1668.9674417970127,1668.9674417970127,8180782
2025-03-06,1692.042724609375,1698.403303714733,1667.6361284442405,1691.204542351751,10610547
2025-03-07,1662.60693359375,1681.3433106627187,1652.2526199503725,1679.4696488805018,8019331
2025-03-10,1677.842529296875,1695.14907322124,1652.9428701352483,1662.606944415946,7558981
2025-03-11,1638.54541015625,1656.6901357180045,1614.336111648948,1656.6901357180045,12671234
2025-03-12,1568.777099609375,1614.1882088567118,1542.1024877383609,1614.1882088567118,14870008
2025-03-13,1557.9296875,1583.766236887254,1548.5122651881575,1577.0605381756682,7822888
2025-03-17,1567.98828125,1571.8834272886888,1523.711239680789,1523.711239680789,7526032
2025-03-18,1567.98828125,1567.98828125,1567.98828125,1567.98828125,0
2025-03-19,1564.536865234375,1580.7585753901394,1550.9776447654951,1580.7585753901394,7387068
2025-03-20,1593.134521484375,1609.2576434825316,1569.9112262370732,1569.9112262370732,7186750
2025-03-21,1570.45361328125,1581.6461093555213,1541.9545731422113,1556.0560901796125,10074677
2025-03-24,1570.6507568359375,1584.8016279799526,1550.8789003823247,1575.7785592177397,8857726
2025-03-25,1605.8553466796875,1613.4485820609123,1582.7307615847424,1582.7307615847424,9890140
2025-03-26,1577.2578125,1615.0264536438078,1572.8696037624018,1603.4394832085677,6651302
2025-03-27,1581.301025390625,1597.4733814773153,1563.9944809345598,1573.4120242257595,9426573
2025-03-28,1548.857421875,1576.271627596916,1538.355165420368,1567.938918601529,6799047
2025-04-01,1505.3199462890625,1525.9299846961485,1496.7899402056196,1517.8930411565277,12680733
2025-04-02,1528.641845703125,1534.065533745542,1513.8992032527772,1513.8992032527772,6193478
2025-04-03,1475.7362060546875,1513.3569025396205,1464.4451218569632,1513.3569025396205,10459504
2025-04-04,1431.508544921875,1451.5761669039568,1427.9091641826965,1440.2357281000195,9590254
2025-04-07,1377.3702392578125,1386.3933080363427,1288.8655111580174,1333.241140845937,21715252
2025-04-08,1408.9755859375,1436.2912029581203,1395.3670114560523,1411.1450129990183,12805001
2025-04-09,1384.2237548828125,1389.8939742084822,1362.7262999262337,1385.5551200692491,8546854
2025-04-11,1389.89404296875,1418.8369123902967,1377.6661874236538,1391.669116387415,12567440
2025-04-15,1406.21435546875,1427.6132214230709,1389.4502292114087,1425.5423828430714,10178530
2025-04-16,1393.493408203125,1407.6936342633087,1377.4196406823328,1405.2283214187144,12022740
2025-04-17,1399.8045654296875,1409.9617020085943,1359.1762598672565,1378.6028759920416,14264227
2025-04-21,1430.8675537109375,1451.379004423389,1390.4364236612141,1390.4364236612141,15648970
2025-04-22,1403.058837890625,1420.0201414292796,1399.6074000468734,1420.0201414292796,9399738
2025-04-23,1454.4359130859375,1467.1569507677636,1419.6256494074153,1425.9368740316995,11136642
2025-04-24,1450.9844970703125,1462.324935726995,1441.22183449924,1449.505309419441,7114292
2025-04-25,1459.662353515625,1480.864043581714,1443.194112173071,1455.0276136053067,8329979
2025-04-28,1461.5360107421875,1468.9319491141807,1444.9691810148831,1459.6623489459623,5886253
2025-04-29,1476.722412109375,1488.8517996048886,1453.6470595242981,1461.4374722845366,8056743
2025-04-30,1479.2862548828125,1487.8656155741658,1462.0290654409305,1476.0321142425894,7704183
2025-05-02,1485.991943359375,1502.065710329334,1475.4403325201433,1478.8917703842976,7402310
2025-05-05,1487.6683349609375,1501.8685607929344,1481.9488814793483,1493.979559817003,4282493
2025-05-06,1490.528076171875,1494.571164972708,1478.3001009589232,1485.1043881672801,4270530
2025-05-07,1487.37255859375,1497.72687229769,1475.8348225262564,1479.1876719914237,5691799
2025-05-08,1490.4295654296875,1495.4587795844232,1480.371016743612,1487.0767158676624,8424409
2025-05-09,1486.6822509765625,1490.429574694462,1473.3695614613061,1479.8779633712215,4478653
2025-05-12,1604.3270263671875,1609.356240543565,1510.743725804376,1515.6743515413355,11372857
2025-05-13,1546.8358154296875,1589.8308459268644,1542.8913150101926,1586.675293741908,12846210
2025-05-14,1570.3056640625,1572.8695652973822,1547.7233747550104,1552.1609377918994,4870057
2025-05-15,1590.6197509765625,1596.1420273386075,1549.2024976963296,1567.7416973152629,11151167
2025-05-16,1567.84033203125,1590.2253238143162,1559.5568570553514,1590.2253238143162,4576751
2025-05-19,1538.157958984375,1563.0082630282545,1534.1147498260523,1554.62619978804,8855798
2025-05-20,1538.94677734375,1561.529065774123,1536.382876208452,1548.2163771805324,7143998
2025-05-21,1546.7371826171875,1549.2024953086398,1530.564707285941,1546.145531646558,4157309
2025-05-22,1526.028564453125,1539.1440761948634,1518.6326263378432,1533.9175651094254,6158990
2025-05-23,1543.088623046875,1565.1777292492216,1528.4939232420525,1528.4939232420525,5038421
2025-05-26,1558.5706787109375,1561.8249396042181,1541.0176042515016,1544.8635161135799,3170102
2025-05-27,1548.3150634765625,1560.9375134619054,1534.805197163501,1557.9791380318973,7775714
2025-05-28,1549.991455078125,1565.6707476113982,1548.216381776405,1559.0637576996792,3623370
2025-05-29,1563.5999755859375,1586.5767391705513,1554.7248494526432,1566.9528250893914,8609500
2025-05-30,1563.4000244140625,1572.0,1555.0999755859375,1571.0,3481739
